Bladder	Blood	Bone_Marrow	Eye	Fat	Heart	Large_Intestine	Liver	Lung	Lymph_Node	Mammary	Muscle	Pancreas	Prostate	Salivary_Gland	Skin	Small_Intestine	Spleen	Thymus	Tongue	Trachea	Uterus	Vasculature
MAX	2748.8338220095	8450.31571048291	1445.49488098145	355.445943093789	1762.32852445689	983.991771279807	1921.59163754291	148.840688592985	3364.49327724807	11185.4927157964	1761.26470767782	4588.59432169599	991.692474246912	2292.52572071463	3649.16467067603	2147.60857609899	1282.40517926287	6112.34618577021	5523.08525344254	498.920816771844	956.436232868425	869.748066423493	1167.38741468559
NR1H3	852.350691256302	302.224988476364	20.0069167850932	36.0960356531099	1137.56608303505	242.007854220083	150.232746757672	64.494455888111	844.930034129213	376.223320285453	255.787718602802	1155.25421004998	172.399536820924	507.799213465226	540.574476835534	176.852794800717	34.2849078677122	525.306983377572	554.517805671006	56.4770336388514	94.678888100155	112.085084213578	311.704460860788
PIN1	3112.74706070772	4983.88753769488	310.438874597843	273.649188439093	1756.87751383769	2835.149355893	869.634019304697	125.16512650667	4238.17664737933	6517.63720045557	1056.83596489565	2642.59182694658	1067.62122278094	2458.62503877619	2437.92067336828	717.22141284073	672.925310377912	3841.36781152239	3213.83624757288	408.879251242917	988.53532816806	654.857927304352	1523.10033704664
GATA1	78.2410376343003	86.0982018702848	55.3365445950844	0	0	0	3.74415016277885	0.98955815675316	138.617416282795	12.4288126336637	0.923246755687937	1.22338028068343	0	3.35320388840144	0	245.277616585482	6.11458986142424	10.6116423151129	6.95994140866158	0	6.00321091869297	0	8.82828196636577
RELA	2235.79521269572	3673.76325948114	399.484438416756	223.602309529539	1487.31490772507	1019.15033479138	1595.5709413657	97.8765116637631	2490.57833503707	4883.86625094049	2165.6611580868	3127.46233599851	926.187777690515	1334.31899717511	1761.75139405379	1807.66416570514	959.399401920644	3280.75361144385	2805.67498756702	283.080275837703	860.079170695948	1029.08986725498	858.507510837384
SAFB	2818.57073474671	5715.87947956374	907.313070382087	423.792898440803	1923.41540662823	1076.96946756287	1734.97724407673	113.835192871201	2634.29802238519	9880.21734940799	1465.56877104497	4076.9730180428	965.024189836322	1832.29688325115	3437.27186091781	1540.70366552773	990.262837638743	5302.98456729742	4281.09185409211	460.895085369957	1046.00897296462	706.864572275206	958.693921017246
RARG	518.325043933302	240.455834890044	22.2569699099255	126.195254433169	447.434999803855	235.029622466588	106.777703439584	29.2590538931194	406.796596414848	659.191670571344	134.979537902669	508.082974144481	170.156512791037	329.929668776178	363.479457837231	144.003626258229	34.7655788661372	211.317912348162	432.098324431544	101.465341336244	323.158510761559	115.634872293746	179.608834492557
SMAD5	1766.8849889739	3049.11774478334	282.200362744931	245.185658638987	2159.94453677525	2129.02977636369	781.113132719692	133.977833363952	3333.52287719326	4819.44671467842	1482.19187277477	5867.915536256	1216.32887885623	1954.68089553692	2656.68424531507	937.642515933957	479.187335324224	2205.6129681885	2778.33277393835	264.738509802644	1450.38724219673	635.827009547542	1276.17048034443
TP53	943.243096577007	1724.66344234114	130.57253205436	125.740944777957	684.604519023974	552.762469639624	257.608371226277	103.163147372469	1676.08330783336	4113.24431654063	490.07201399759	1351.84668328302	526.249300622202	805.645153851637	1335.98464794389	349.462075291709	230.920353485083	1728.85240233182	1934.84423340563	181.01031577332	761.968127143676	297.251912552031	533.568226109607
PPARD	989.702781104476	549.646824137817	67.7394021048689	106.968793675821	388.484318169202	215.658965662055	178.229006574156	70.4530445081555	819.569729852571	1336.72894384175	295.743686686148	1136.69815112041	269.507968606626	290.918221863434	575.683929177275	519.052169647899	103.015521312051	669.892954104364	832.898274062998	92.8200556236408	207.705833461784	200.93270221592	247.160380252639
ZNF24	2995.25846886251	6439.07032415042	723.071430821677	351.394638322984	2229.99137844136	1104.19400026321	1693.67622351738	156.853124168305	4029.69313078391	11843.8320411557	2092.61549341685	4722.71421534974	1356.37324654388	2578.38380724329	4365.37864314475	1527.98996664441	1080.34924259303	5295.31991561857	5149.2868381481	481.348190293385	1175.67480677536	954.522907399201	1146.60775606438
GATAD2A	1692.37608753244	6484.09196896613	1183.57052425162	360.869072237272	1396.32046869011	822.22136768993	1560.66682330538	129.736830714213	2372.6989285511	6242.03165725674	838.682322902776	3825.42642234989	881.387598522906	987.159825797325	2064.91097242614	1420.46345062567	870.636783649929	4957.03583682705	3730.70615301484	331.927935251242	988.155220125645	728.806127527616	788.312209667181
ESR1	291.551228264546	86.1132791953193	17.8964178245475	5.37646215087205	86.8604048913237	5.28343156142394	6.47896951511072	14.8700553233897	88.9044599472904	214.116423099621	80.1462948962773	682.15678046595	17.2067410644139	147.384006350305	130.249861693844	14.3028948169783	4.42595782086567	112.403175175546	238.003560418427	11.4492770275291	18.9072331718204	610.757867582513	134.719819782283
FOS	28503.3729128187	37955.5196594966	8552.86361166978	1485.95200847478	15471.9466236058	1166.07383163254	13970.0783036796	1248.56505892037	27054.7117998675	75694.669367638	1433.97008280119	27037.779877449	3789.9096262564	12855.7062990817	34027.315554525	3954.87487535834	8614.62478560807	27734.4359802155	28246.1797006327	3673.8499253273	8765.76341507634	5385.58317245607	12762.0277855648
IRF9	1235.86131470573	3508.44305209952	423.020682886589	82.1117506406024	1049.54847206263	628.597874921396	977.219138027915	80.7644667275617	2000.18397533338	3214.81615674065	739.455663437361	1217.22996591295	962.972632681508	473.265003611662	1323.47437943843	869.99029567974	316.157299985535	3241.33378541755	1984.99985771981	208.259749400784	622.230121251579	782.159576402669	566.484166271932
ARNTL	1239.53351442536	2469.77720695871	303.233400028361	108.743904698862	996.408734421193	232.715974452099	1018.9163577225	48.5414210977598	1261.50909691495	3122.01898333756	762.321061600021	2043.93696536716	351.424332892517	994.00408835469	1380.3968876153	1084.81851404213	599.021973591574	1999.29263938258	1609.64454341357	224.419922119316	429.434647736827	231.813392247957	399.926622187412
DACH1	336.350071787011	1758.82788616834	994.433754622522	10.712254366863	803.352623564249	399.890443004278	60.3322482609438	9.05537597752085	1045.55246422091	223.043579065662	90.8689964304075	682.581802533017	94.1547470190093	385.329509390753	221.363242854297	177.466554698564	34.6471105474914	579.078549088277	384.16908713986	57.9425861172264	82.0144004519142	130.195783972183	64.5108707404778
ESRRG	40.5709357029445	5.63070242988489	0	10.3908553923098	8.43052817863756	239.887963948348	7.71405590274641	0.713182357457555	73.5279846733093	53.0527893145037	40.4150942835204	98.7256745020379	121.684448841501	132.174985401573	430.36332984563	6.36636336200469	8.10404849235261	26.1076755713253	17.1291863888804	0.973288128671566	24.72450886878	14.7680131565812	8.24768150130556
FOSL1	1470.33466529651	164.729487631207	151.575470399659	708.035454811162	361.699837286851	34.7801209654421	476.600110293706	21.9333549035464	231.745596046655	82.0879377685198	971.162331765322	3937.0844220933	97.8481534712521	226.750014220371	300.816514470177	1356.20222537502	161.832448054567	506.283972559853	105.210016887163	208.506679393748	540.908151287447	906.173082792852	118.233770598269
IKZF3	2349.99066495114	6260.51632594611	553.433241173288	19.3445727689077	1248.75818917523	1.02587994608175	1433.66534203025	57.1311629974151	1354.14856159686	23117.8495952608	1362.91262699199	219.603564293732	689.871488150576	1382.72054096646	6704.75877135703	1645.89063686526	1249.36000120572	10683.7229994396	9689.10407098992	899.312265223265	778.777043743404	361.144645380599	396.685251884838
DLX2	81.5313706192427	7.03078430206729	1.00237031924276	1.86449257004624	42.5604179340769	2.50069326088133	98.0461747476662	2.67473572319139	2.21950518418229	36.1434849874073	0	44.4724936592335	0	14.0392416144056	16.5388023226055	13.7412870041105	22.0605121072776	32.3928275014011	8.754032415658	8.15296900893074	0	10.6916799906133	15.8949569832981
HIF1A	8874.24902608969	13947.5511981465	3871.57577448424	442.591425194563	2677.93610899693	1647.90825667731	1980.21173023414	1085.0207359298	5877.15991657339	12849.8236324203	2353.93102306566	7351.50618954037	2011.51136939475	5334.31636057692	5083.11172267646	3027.95479908658	1357.91290688245	10252.4065285421	6059.85983583145	705.231020364174	3768.54379180958	2689.80901726334	2029.4719660749
NFYA	619.405369780209	1473.78876096345	481.591496530517	70.9995443996639	406.710537246774	153.050208848742	320.402980207637	33.3857206843335	538.385454780369	2119.43029980923	297.456597772171	906.330419524631	172.112847480721	265.59669715026	656.381987202127	288.081906901944	262.285504420671	1356.98972346122	792.366839801466	99.4423490088028	183.608492543846	177.225611321939	168.809077151359
HOXC8	16.684175311161	0	0	0	352.940840628747	0	2.79287367726992	0	1.01983431693427	1.55029733739016	132.915395078314	835.562172218483	0	1.81655885802502	1.76570417195342	113.956579777905	2.33296537493603	0	57.7989996765261	0.7960832458614	1.93257247558438	2.44851489111335	147.633279989655
RARA	1961.67309337325	5339.96309263582	610.837387654009	78.50405852947	1241.07575040975	567.884200317581	1270.48010162262	150.607281646848	2386.95955782106	2281.77405529917	753.401944778672	2074.76741719351	756.34618443177	596.203199410457	915.522057243633	1619.44673158722	567.914667838128	3010.60199729451	1374.25759573206	288.617865426654	712.262729053149	608.674856639451	650.970374142174
SHOX	0	0	0	0	0	0	0	0	0	0	0	0	0	0	0	0	0	0	0	0	0	0	0
NFKB1	7698.11536213739	6859.75971684205	1327.54340891238	410.599609138452	2479.30412494241	686.731897411626	4534.35273722981	382.504523500206	2892.58983235109	7944.46091127789	1576.45807126844	5783.71299082456	975.673944150394	898.986201274307	3150.87098301787	2886.18941275959	2489.00580907635	7266.43326965879	3670.47470073735	553.675761670063	1295.2320848405	1603.85671596067	1260.53954286995
E2F4	1281.7509884373	2854.08794503493	355.755863533507	107.285610753967	1143.04997206359	794.656068700756	702.37867808845	84.0950713561486	1856.07310755324	4381.31236686555	527.714926388918	1782.79214385395	890.83812088448	794.616140093402	1557.66288340977	1236.00822300984	580.783125043923	2385.53139538724	2481.37256679993	200.264277809384	655.094350653014	368.520373208823	769.875545016468
NR4A1	14110.3154266834	358.024211526418	193.462937363612	967.029256007399	6578.0319752214	941.075346491867	4186.96884187813	687.736628410285	9249.33961046153	19911.5699533665	1480.79041611282	18343.2146611046	1156.30662959743	8374.21043140869	9736.82909783654	2164.15766208154	2462.23489342116	7761.53093477841	6440.87114528389	1382.92341554996	1561.12975335548	3270.69657489851	4297.27890639708
IRX4	0	0	0	1.06101001449014	1.64531346147288	398.486835201957	0	0	1.56114513884376	0	128.678926317857	14.4111988900067	0	13.0123129062668	68.4881947383844	14.9892808755641	0	0.802618187429747	0	12.8555481190426	1.13295575489313	3.64524134047095	15.2686738469823
NCOA3	2624.41230552295	6793.67094401039	1391.54302039915	378.27101841386	2673.19416659644	1824.89368320071	1388.34721634022	238.45071545394	4439.45361545922	15086.776432681	1275.20267647221	5464.90280832772	1268.2814511124	1305.40132479937	5009.90636020495	1553.23338787173	911.363041350113	6163.56169146558	7804.77580559451	541.02600674032	997.104505251196	630.385992811462	1468.87135155565
RXRG	15.6147472099364	0	0	0	17.1195503930589	303.660201665148	49.546084359112	0	83.7117574988973	0	0	117.913402061551	7.73991970762709	1.76878791544226	5.52690322961568	2.83227924026638	11.9418851315197	0	12.9525682258147	2.84299960204078	0	7.27583143659018	21.1425336779748
ATF3	12399.8037575189	463.206464282684	79.3442307756005	1398.82012492758	5814.91729516821	504.797130805374	4940.52222432186	554.464392097497	3998.42260263078	6255.78229468122	1505.46191480153	18840.6005758216	478.918432079899	6745.86454170533	10056.6360889842	1472.66141717229	2014.54708292547	1897.13184842956	2217.40653796474	912.925074005788	1619.84069668892	3695.95103971847	3330.29687423378
REL	9757.42853701037	11450.8115908155	1583.0241033911	650.335935904517	3419.26762892713	245.341974854169	6849.0490420895	580.929538145619	4558.17392651155	23355.1966118312	1897.61215798607	4536.08429778491	975.970575488602	1648.1342812437	7924.15513899557	3335.11715115549	5160.08011067205	16294.2548704331	8434.19205325108	1284.00127154643	1873.23512430731	1730.71998104179	1443.81696216845
GLI3	686.903366593754	13.5215998949527	0.930999123119333	67.4383059163351	454.776589248375	131.981266512721	297.631688577637	1.64545886468011	480.680500653207	5.80291342355116	404.700833209444	2091.98462811577	95.8899574203141	183.932075667132	407.770145252324	214.937027069202	29.8439275196189	32.482618037963	279.349986659473	54.4494042936355	387.850453031715	140.074927681803	269.286075523274
NCOA1	2853.63468068335	9064.83381634493	1082.06783999691	188.621858221531	2138.61988754549	804.937629220795	997.936727727982	198.087287225025	2868.64844189884	6187.13167872743	862.914001568725	5308.74135257302	1028.33083823855	1286.01766223728	2842.85905873535	733.878069124472	624.617594434095	6841.22714356846	3281.91181538839	378.009862324302	980.065368853705	490.136090032528	1213.59671107468
ARNT	1421.44783781577	2716.51768611599	515.615083193041	93.9703802522559	951.208900356265	545.817849828396	282.933456510866	90.6273763726523	1767.1816776296	2171.90301475985	710.9855193277	1756.06141943668	410.170729331543	560.501244797547	1019.64063186095	556.430101510862	179.644564395538	1558.53974585639	1394.47082375791	155.782061460288	340.649223250069	282.757632269241	798.334418743369
HNF4A	1.67095021169402	0	1.16915251493117	0	0	43.744885470702	106.500589808286	15.9061387661261	3.42594259634204	1.93201710660725	3.08620196853924	4.65379494874714	34.8987588023878	1.36666997626605	2.24143170934284	1.89131203526694	95.9827437546718	4.45797698326211	1.87970763159882	0	2.66597681606126	1.88850597584996	1.4336234045326
NR4A2	13082.7822218581	3771.07607909594	739.849746214089	380.667004762312	4904.935357447	75.168427497753	3151.69997472481	1217.29472450748	4617.68529659755	30883.9356379417	994.115382894858	4401.4475880302	222.533964370818	2097.63351841581	9302.99718694599	2292.45364175861	3787.32743592927	17271.1113066116	12332.7195270208	1522.0635718939	1753.69509787243	1107.47235171063	3078.40092896709
RXRA	2004.16386955828	8880.95613780622	1015.28372374616	230.346647730694	1990.73798174487	666.252163129822	388.691288391127	385.503565575602	4361.40938147307	982.380339388316	499.847000575301	3397.9815477702	1130.12949786668	969.94175280219	1597.36913539251	496.998054768209	114.984604225568	3939.36985276832	1212.6641999682	260.933382511285	1040.44206888208	305.289069801339	1155.42107635303
EGR1	16786.7606727924	1697.60088553567	2570.3535145654	1235.7429284098	9766.95848712108	376.87808938382	4972.40819210553	384.510823766422	15149.9707752636	8888.71969890619	1549.64145405456	28874.7683187535	2569.27611175439	7352.1891770042	11432.4566825605	603.318032715941	1073.95354134232	8806.83595906014	6490.88958696867	1185.19601502486	4556.71430630818	2737.80952238929	6086.98959525073
ESR2	116.745181921487	322.531907737053	48.1678930231967	6.13683678849248	158.870762722309	2.43001660475913	49.3835912815174	0	132.866162698209	780.355471398068	88.0667232808475	169.567406580969	18.5502330782308	15.6280822034153	193.546886419214	40.467189643091	51.9997579440686	432.351084450262	450.212174840303	17.399386307295	43.2055667556366	42.2051307704259	13.8161141324334
RARB	121.220816719535	34.9591854629168	4.27566778588351	20.3786794872044	83.1020197492364	189.085270576718	83.2438220767889	13.1818592671845	283.872352798663	123.087042540284	87.1647284632113	434.026114926953	144.90590109901	175.590343113971	334.561506246707	34.464733258006	20.1631006773238	90.1243713646384	325.641762002259	12.1526545489105	195.321275829871	104.180354586163	126.830907762724
NR2C1	769.428851347047	1384.59487724572	109.66349298299	81.5851673395895	756.421296500026	528.017377158053	377.889070265409	49.07979462287	1176.09760976816	2486.92203032678	433.218986099695	1054.71243971821	368.303428102727	423.182909896878	806.271134102264	411.937054454798	238.097627599224	1003.25359200777	1530.4451990457	116.379071090268	318.33782241774	218.924607475496	450.166364821851
ATF2	1758.73084795015	2966.46597538539	437.966292800044	168.495185076658	1394.77274177214	747.210740322427	929.259458549549	102.210782951243	1906.51989128543	4833.34776566387	1095.45810615568	3604.23272157011	615.044290123739	1222.96576268189	1883.13908050226	877.869729856644	590.970769080493	2309.35510771851	2570.0720173112	249.984373292499	536.114081596197	590.480307186501	804.277634624183
FOSB	28207.5862633152	5524.85960894358	3267.13858793382	1657.94208727604	9438.99084195866	135.452164810238	9623.8651424789	863.896272621069	11266.7700799447	46075.9979217763	503.424055831232	27019.8442711663	380.414475294399	8178.51191036356	24321.0692931474	1252.90374462659	5825.12555034042	12169.9079659725	14131.2727588807	2571.51315191871	3706.54597328457	4785.71904258523	6823.17265788787
HOXA5	294.378387791621	213.159926441469	20.6994407768384	1.88391677573203	567.088301424421	16.177002742437	208.639301334516	25.4610082840917	886.488223015076	105.59316516713	338.625526415099	1244.95927069188	186.058393831389	877.156141433244	78.1983888833565	59.8029976149223	59.2596887500377	292.983982832849	159.317583624441	4.36267094096468	60.6946988414524	127.696239673015	443.664394854767
ESRRA	883.975541292457	1856.96580717772	286.532729751533	216.526323463196	798.481485172093	836.194183010622	294.163308560494	62.9818788128691	1699.56752049713	2094.69454256943	634.46385100477	1576.68311009382	643.165637447677	1732.2057688267	1835.87232858921	1223.39838303443	300.969513013051	1704.25373404057	1230.67162574437	154.66517189655	699.944493377954	320.974881719957	582.476587934519
FOSL2	8898.47561435393	8530.09028361408	924.194017227439	904.662267715806	5810.80810599502	813.495463043042	2828.05920764648	1115.56319583575	6206.21865612469	5403.22910985897	2853.71421084092	14487.4989087887	1481.29315092578	2054.509349332	2723.92939322423	3522.74982817907	2983.5115002119	10870.9877560099	4497.95104258794	1209.91357455837	2198.9630798005	2722.56978404366	2154.98919121449
MLX	1951.81627133317	5409.78111454377	670.991742950944	119.386276640984	1228.67052087895	746.83109549711	827.108026874371	118.68527510662	3099.59123578996	5132.37756026256	988.108765901911	1900.10436151617	893.227368534062	1279.76240419269	2037.17315702705	1060.19418786176	448.481898929308	3279.41507996817	2810.99105906837	243.435666328905	707.212101235963	411.829096015531	1039.71741780141
HOXB7	208.508206313088	76.7561285471812	2.21794122514237	1.98378257198356	871.301492925431	62.7092117770617	164.403619465155	1.78711665137668	222.959379226545	166.29430206398	81.6838851100068	987.70020664651	327.119023694378	3921.8630322214	37.4185283086656	122.070529707462	18.3509310190658	128.803477892518	176.78684727863	30.7490640588517	7.52871993701451	81.7214171836428	602.919453251759
SMAD1	526.744474376669	517.998432937929	15.4313283846263	161.711299497309	751.118949195477	814.562823330681	87.835439013312	51.7811425935193	1416.16061081723	241.544029631232	583.176423564603	1831.45717760657	815.914644460828	1068.51442936782	664.325175528849	430.775539175563	23.7370228374385	382.341580261657	690.830125161693	156.033464848141	509.978091399553	736.834521686279	493.951053642608
MXD1	5242.10007082405	18252.4352342374	4229.90503800631	420.79700909096	2266.14875650655	178.340836137526	844.087676742883	695.620536070127	2758.33663164548	5960.58760231007	899.093424590102	3070.84024774437	550.220209220983	987.260378459919	1855.56789748812	1358.5119405646	683.251577110361	11874.3686078936	1953.95993655218	495.143523472216	2427.22117010198	810.088782878226	803.486560112198
SMAD3	1959.81491039509	1855.69811439264	153.046775773166	417.727599425618	1475.83097390545	631.92592633044	742.024722702056	47.42660120342	1223.72001960772	5292.02720144248	1438.56982820438	4507.98865384113	353.254808728292	521.892551368808	1741.06570073224	885.352266017847	451.105434796937	2252.96301490585	2794.70772475872	191.852744275761	1254.97732600901	1309.88025216301	843.113779130244
MYC	7394.61082356565	2759.82160957534	118.822308805774	552.591491187223	5237.68486237894	743.558087577827	1935.02230555109	79.9518246313092	2797.47102115985	9667.90886453966	1775.37046688154	25367.4258946594	826.905731938318	1538.34642833636	3542.61465034657	1880.30176639633	926.53602942713	1886.6108131055	5156.46695997269	560.14311023717	1308.53460170043	1808.16577571086	1674.77056939401
MAFK	1446.13647970797	1292.96874498739	141.218221376627	291.393388023759	906.518412003383	508.347419309729	402.697356854255	118.118083762683	1471.41858534806	1273.51128371544	586.572699319533	4489.65405130342	454.106065562757	519.064996507796	795.418328026248	1046.5906106775	273.508876256076	1001.10822708903	914.841465483637	171.916633010352	458.955474141953	1042.80209146376	519.571357338024
NR0B1	39.1770291051874	0	0	3.42979590294306	13.3050051040349	0	2.42779390598806	0	1.29908907764106	0	11.6990703014222	16.6309694283393	2.2115620760452	0	20.7763310559425	3.94918266849135	0	0	0	1.17076135998933	4.43429365171132	0	2.299737407785
NR1H2	2852.5200602873	3764.86245220749	406.282835844482	214.325381996799	1751.63515713743	895.018622562273	1650.90826365824	93.4693345768753	3715.31197657042	6068.1472741011	1221.42744709024	2523.3951588843	961.691489996133	1579.22744439759	2090.28389089502	1157.77739704213	1113.95765142694	3852.43308649447	2990.93898062823	296.296101841696	637.474166232955	635.965761448439	1295.35458066137
NR1H4	20.8558911801909	0	0	0	0	4.37438972817291	4.94597547313535	31.1287963858021	5.6448043102086	0	0	0	17.2464147611821	8.29898076113532	0	0	17.5243871968958	0	0	1.90365330667493	0	0.728589662258604	3.6398650402078
ATF4	7953.88465312301	9726.63895308734	1601.25707315617	860.948721875633	5399.58165523445	2153.9957321851	4122.54593084159	208.182036350948	6477.44692614633	17402.8995727027	5234.03450519691	12661.6684112677	2142.16172173495	5206.25387228674	8274.09862681027	5135.73763567387	2551.22920333928	7755.42128146692	9296.75183986176	876.449443254289	2005.81553194166	3029.64384419984	3132.7185504846
HINFP	387.037294473394	928.388878983795	132.515544964605	56.3752168008263	402.354642879508	239.353321425233	217.111237567614	40.5475003906853	563.777979832572	1783.12907475424	377.466905210625	719.387791881283	231.495260442882	277.723085923522	542.272984452788	402.675345697565	157.121136279397	714.140562710092	843.917341117045	82.8951973301502	188.533901950279	124.464261343026	163.228965711709
DR1	2329.96249984946	7628.44310335983	1412.22271497229	426.786259201668	1451.83730805067	1011.62561527955	1161.65327608425	158.256590968802	3528.60115622217	7451.39641844542	1383.94656770671	2889.96507123238	1057.58493263115	1436.12993291113	2454.58004736288	1471.50534065475	706.199810416222	4442.99088643015	3946.52755105648	428.331357205143	993.442815970108	577.634055527371	1112.79810725365
CREB3	1520.1829648671	1198.98077699335	103.963161703398	158.58389376169	766.113531350738	998.566472921266	1005.36472282745	49.856834156376	1396.86672194293	2214.5923136085	1372.36230665734	1286.76959898441	596.525858622276	1585.40315540541	1788.60930156607	1030.66169678761	502.900062651894	1265.6699463606	1100.36338340939	160.663252622346	343.857618370974	409.423023902767	663.470264092089
NFYB	1896.64656371478	2188.37409579975	190.598142026472	208.018635067976	1508.96007132279	1550.12451744985	533.017458394809	72.4656112273276	2489.80394512824	4950.47827738974	1241.24178097381	4489.11474496283	661.696866284603	4648.4038289911	1697.32818794409	620.395845239438	289.334438316751	2150.98721043437	2716.79623422308	255.401608920266	563.643664199782	376.638816074717	1469.57803385571
VDR	473.880079190834	675.958670059182	140.488280000521	49.9801190334973	143.782794075597	1.24725468327683	143.055602788096	126.632802252263	649.803141458754	141.796892170923	285.146280935505	298.226488621862	102.257319350076	176.15587105326	219.785965511161	273.483567666068	74.4871546305311	486.046793428634	119.393299002527	69.014267267679	226.76688721339	110.219753349448	88.5437298394258
DDIT3	4349.82341732665	4117.19987334027	308.38152601388	261.67995607845	1602.69597729295	750.773722466117	1840.44123379072	80.0099032259807	2237.46108124713	12862.4562104866	3223.49554243426	2188.1746972318	339.711655783399	2677.03733354684	1947.94467930529	1537.81607452071	1221.49549644548	3423.31598543938	3758.02585457957	339.677059434374	1094.29275323691	1500.70825554408	1585.68795127668
ARNTL2	171.097826548126	50.8121810603897	0.784701711628912	24.952021432608	41.0397757913229	38.6385861555751	6.5781613195566	25.1561187357528	169.405494859871	31.8272114056886	117.166174032648	187.072571321311	29.2623289336816	15.0942097050156	116.997209694333	374.189220191064	5.39797250945175	27.594324457823	47.0387936188915	52.9740264415149	368.648867921382	95.9561288199597	87.8603746498254
PPARG	732.767486758593	566.205346621806	7.97999363204207	30.2885027329615	2681.00847385963	468.858355148598	165.48020743683	46.6155131593634	1595.61594369554	210.017586971502	267.070769449405	1538.51158118721	621.736338169213	119.249448362385	467.264699004498	430.492690316783	43.6950792261971	366.122864958832	1548.81211404225	145.184874796674	219.298079537477	146.375194534073	415.299073767047
CEBPG	1603.90530149813	2757.48553246947	193.115554733619	244.778131128429	1448.77668624116	1168.29195321724	1224.53435748863	108.436276041266	2388.38173733745	3522.03289526982	1238.60229209607	3665.67940340613	1498.96151775123	813.800949681632	1403.9713235683	1277.06356427824	788.124779664735	2066.49767386174	2280.557406763	265.429868363716	701.422982701947	772.346368627983	791.798093755576
HSF2	635.749471025698	1062.04292360991	101.730482150426	91.7234915146058	412.486134648706	368.897447554116	320.445013298073	44.8732328831197	629.12452060335	3137.01503775078	443.497262319692	682.735238660153	210.733854027048	473.188985570272	786.664615885377	644.070071777438	244.94209321372	1037.36361525388	1878.79107723326	150.993235718091	270.006624076277	158.192202159606	271.187289713264
JUN	24161.7360139161	16890.1558531229	3257.7682857408	1690.89716187683	11883.0379929921	2860.42323273275	9895.18495863511	473.940875707779	19302.2682318994	71008.2465544281	4769.92750958541	27359.104436887	2997.1960126692	12836.2854300749	29015.745478304	3592.39771037092	6934.8065921939	17599.9196188895	22030.0271719564	2672.09407296215	5889.24712135238	7576.38986361938	10161.5740672207
E2F1	68.0936149365143	110.211127352912	16.2156671189695	8.03185390285075	55.9131428050475	110.838732711713	103.645559238726	23.125007919344	83.8881995571315	150.282530852236	14.7231541432547	31.7830202466295	11.559779108271	6.16318570579767	51.9258064932057	159.327075244276	58.1143718962547	111.462017625553	54.9986263702116	11.4746458172342	71.4911066198608	19.1583329193179	14.9208623138894
NR1I2	2.79690776461773	6.84198847095538	0.733674631923167	1.35119793049337	0	0	7.60058056411026	1.64632853801392	9.05065657602465	15.877963038422	1.48586893971067	2.36280935062827	0.741816888987552	0	11.8062892691666	0	32.0828161180393	4.92459726166626	5.45963757428444	0	2.01377502192806	0	2.5028335052214
ETS1	5422.33231746379	14275.3894389207	2334.70515250012	300.596622904772	6329.18251563043	2572.62155054523	8338.1409415251	200.29826418674	4396.40600910418	36383.701955042	5495.50090532174	9871.68485397078	2975.24693856487	2394.31303629928	8716.59558469858	6296.06120294231	5437.59690161851	17008.0261355385	20600.4912614058	1787.52674480232	1246.35698757421	3116.9741171532	1645.72191604415
NR2F1	3266.38399189454	0	0	88.9143418196105	337.82003346035	54.5828931701739	534.247634005035	59.0231798452752	830.705085033218	66.5690727783199	150.842106061915	582.818844607085	165.843857230404	451.061565240311	830.517051964028	118.625339130812	51.7981559937834	17.2613634417203	626.37952541842	56.6815587977193	271.886937782214	152.703880331601	315.638263092297
MAFG	3607.05900333002	3031.02500040996	975.212289537659	409.493958491663	1572.56060544121	450.484010284842	1167.82482256707	121.06185894262	2038.74420512309	3542.29314044774	1381.01139767804	5506.7616577185	698.721733801764	664.675086997591	1662.51308129222	3034.43626994566	738.76597166224	2215.24993720427	1771.26566317309	305.077327424617	774.365659352914	1255.49236358479	782.593214167294
MAFF	10819.1606795916	2642.48577150194	290.578772408993	1095.50384814644	3294.33124486582	362.342021625851	3295.64500948078	206.051184795979	2840.01793717282	4594.55725158844	2310.718559885	14260.7655539631	491.952410194754	2869.27040014069	3787.1092058347	2861.431085757	1458.87070071174	5911.78877734435	2313.17111928279	656.57070080494	1033.62109634115	2628.43131963225	1606.31024948722
PPARA	769.993128630206	1167.90022350726	141.209113548513	77.1190977175419	734.532669193403	340.96281254059	401.723907687192	90.1129940478905	962.80274812552	2122.66267521242	540.512708964821	1558.85945726852	382.916019757181	562.574717306155	1330.04866628206	543.779069171577	245.70046271336	1393.44773527179	1293.14337838	157.806777371824	417.30302614921	209.637930408115	422.684587142313
HMGA1	2668.13341528853	3788.71640717775	343.472690209661	732.377733270411	786.815575027641	2462.67977427233	1421.28662389061	138.809470654756	2705.54741777611	7912.77572973261	3329.46740536012	2474.67356172525	825.844469616547	1728.3411250858	2742.35813156376	2557.27291124584	1006.57554771489	3223.26830931511	3243.53043525453	393.91469466992	2370.24020656411	1426.23537112975	510.926660929472
MXD3	94.971301951195	2119.65630684521	476.812358595742	9.73937816277845	168.397851105711	79.8874565562337	40.6999386162569	11.6746633079531	237.377431222212	363.892196927028	54.5581658124947	63.4096126850986	57.4757273790743	47.2297681100951	112.701448214787	72.9512566254737	21.7371320901483	604.805441593217	166.453740550097	32.4202587241263	191.398191478341	46.2063906542901	55.9804884016551
MXI1	2793.971456845	5452.46346945787	935.035639581292	328.901500109774	1898.55034438737	1370.2484954298	2439.56067505849	98.7816972886115	2650.03366993446	7277.09937928493	4363.75539869412	5321.14465832528	848.959066721566	1797.788325367	3270.11752689983	2295.87094555874	1236.42142306155	3081.06426000313	3910.67764365317	485.162078622167	684.282719696155	1073.41842050094	1505.996982301
ZFPM2	645.939000525801	0	0	19.5794746873318	448.806668665804	145.978773571452	114.499851392216	3.55917979278833	280.561419730818	20.7339284432872	111.580271993734	1415.05185223977	111.32195613475	25.0466445186709	219.920886477388	194.002286634518	6.43320926035905	10.7233871637314	243.2680621264	17.9870014018645	65.0170150119571	123.098794061853	289.771136145337
TEAD4	88.3297172612817	0	0	27.9469143895515	159.131293224146	701.686325447079	53.4044051453412	18.4774571339521	380.492643324033	5.38087858236798	364.589584399416	669.0120940766	314.940500459587	1174.80239276688	108.011795620564	230.537222683408	3.91514803062222	31.2073144729247	146.9046502071	34.8678355099995	108.321623498554	348.22365192638	101.888192205008
SAFB2	3481.27775374682	5829.44903865426	794.578319819462	375.468812063809	2251.82789775164	768.345067580368	3148.54137937431	120.962087836828	2871.92920317817	10886.0957889975	1719.06638685728	4453.33771537958	1006.46590691055	1918.94431316778	3912.30847602121	1526.68398652208	1576.56914214036	6079.09304764905	5002.50073102004	539.580503957711	952.747537292199	853.883688812305	1024.53840424821
TFDP1	1499.14801330304	3399.75057785203	939.051386122128	149.520010450971	672.727931484513	842.065063349584	347.97884548331	172.079630191253	1672.25147656162	2804.81932275925	295.776806559497	1522.97455993969	466.234551436899	1094.9393054957	1307.64348697802	478.565863991902	319.225354276454	2114.50254865218	1594.07723248235	213.281458530988	675.260749460371	272.750798203235	584.587589451015
YY1	6138.50812408504	14453.0680125828	1707.14292640544	895.520539595452	4628.65574092982	2729.76923119793	4611.19410094389	473.753084664045	8021.67463044636	19244.0431197066	3337.24663534645	9367.88466685709	2792.06883537545	4403.04966106191	7649.70339603076	4841.50414109034	2402.49890406619	11011.7808743806	9682.92627113288	1182.52021960948	2251.33131782409	1700.45840660246	2480.86090557949
ZNF446	197.841292328684	331.703105445668	24.6317983334004	14.8619599699713	153.188280508292	181.612089037035	122.405119225858	2.48887206083411	460.815137722018	687.150965154457	123.468896690961	245.71400810213	95.5556121432779	282.47854630318	311.196496936245	54.3073201160294	64.6959579029191	318.668464185027	418.139180119076	26.7769080155107	95.8455870063692	69.097092024148	152.939416344948
MBD2	4916.29832747399	12137.6288080571	1543.2856478159	651.350679051314	2952.522854412	1329.25559160452	3083.34809296506	404.798588758556	6653.29998335462	14355.6663185014	2743.64420717316	5137.11555890729	1948.10995317821	3123.60128136904	5986.40580002859	2518.71197841415	1789.26083191351	8151.73780103401	6825.31462375388	967.501656967702	2148.85635429512	1191.32814986199	2114.54689495501
JUNB	32423.5289757498	33988.3807660167	6171.06204244965	1873.35172782287	16595.4468433002	2051.69630338134	9270.99267103526	1584.05226674023	27032.6227316375	79181.407072982	5996.69933909682	36023.1299693491	5074.19888761938	11738.891996156	26025.9025252124	8921.96885110251	5825.52492287384	43135.8334774248	38127.3856119478	4009.46033951135	7788.7527020871	6958.97353975609	10321.3410904493
STAT1	2748.65695331163	5509.6011144853	777.284431389256	208.71024513165	1219.9437319038	906.049145262508	444.129181966037	188.842642839536	3112.68375216367	5454.7382440126	809.675703864027	1655.99559875565	799.074509708305	798.773924316451	1738.71608271192	396.564678552011	353.247162487097	5549.27016685072	3000.40162361822	278.699254237495	1254.64873467723	467.64907933779	907.036460024465
ZBTB32	173.878266991469	92.3718568566456	8.56700743408935	1.31084125860376	36.2710560722464	0	376.447730576859	1.83664593870683	92.7255254722387	894.0971500042	12.5436418513761	15.1470641446838	1.29330230698421	14.7856470222104	180.086302682465	64.3297558350086	228.326600973973	251.120854912959	294.13234558304	41.1693497630634	44.4761769904047	13.1755287730964	14.0199872125871
USF1	408.348375650718	1638.8484840565	180.565358118775	44.024922263792	371.36061542776	344.760826204333	204.971195947559	33.9247841123676	739.558150613997	1817.01411895752	170.850633102325	370.221060838546	318.673521270141	203.690574511344	554.969517391606	552.84095965802	148.716208013401	968.622040336356	919.793441326542	58.3405986601518	222.50492916789	114.818903869995	297.508882191118
SMAD4	1455.72336639839	3342.75441585332	564.704716231375	148.468977099969	1325.57136630376	903.785394528545	812.510751197739	105.713479415119	2419.2196778799	5622.85632640453	1080.7541978823	2775.06307250975	875.62667345506	1497.66495156282	2097.23636007889	863.408342703226	501.910949120472	2548.18826052235	3108.58305101313	252.343222307886	765.279170097436	537.478702283215	869.390180660962
RELB	2142.07483941608	1487.12029691893	86.6641722102683	116.359075470514	596.393445660816	251.919890397036	3361.90489206641	96.6570952463921	797.783991456918	1587.49539946204	1607.56544773651	1283.13005152641	561.020489750343	133.112887338781	608.695901946426	2226.7572179324	1894.09214581827	1691.11382263919	606.196412043755	142.215424891231	622.748140052032	1080.28433759298	207.285155840397
SOX6	315.070268515127	264.805800927276	190.715125637218	40.7638205386825	118.293896525984	82.962190330119	304.778421794276	7.14280399018089	263.708169383985	22.9745422490514	53.6526980003255	371.204509003558	208.118547463268	69.3629814817342	88.7286354997608	30.7986144110789	84.5324052677052	71.0788248134929	110.716555726572	29.5578643115839	179.574407525276	127.00917393311	96.9561238868773
THRA	1637.68909152036	2225.43037597118	283.280882184444	103.17089861727	1358.24130557957	848.423571737092	520.931459830324	21.5154091016632	1561.27449299829	2898.93949117288	619.005268930069	2702.63462441258	579.840782376917	1292.9735878905	1922.09428121016	318.962532088759	200.062039675412	1620.03995086092	2207.64241192117	197.754952753225	417.67941822685	364.497581291703	907.54552202857
SKI	2102.9554373023	2539.9971715769	435.649205789393	210.088763262736	1601.94238404044	1149.65506514243	1848.59854912447	111.301802761194	2309.54483614594	3280.72371227624	840.907437592778	4589.86591919716	813.071509248124	714.134058171185	2231.41332838758	1464.2783293469	1193.47163731217	2560.25627366243	2849.3048837094	368.352950391324	726.159321703678	896.750407284006	1167.37041115461
NR2F2	2801.67128679185	1.75788435421771	4.60612476749004	423.445382180613	2422.77467275424	1505.93190840425	959.746246483276	116.439826507126	3758.29219194739	103.924625802029	920.495340652819	5128.16821485754	1165.63668703231	2168.83102085628	1969.06504703831	735.128578325463	93.3816648778228	517.507624406316	2272.79270210762	430.317377547737	1625.706478946	1985.26627296891	2892.66504135876
RORC	80.4442027059278	11.7343627892789	15.2995971657753	15.5544245264336	34.4615947352407	0	95.0686993245672	2.77450482239787	430.429448178415	284.235999802741	312.724271973231	144.475653960438	67.8367714506733	840.104187409749	585.459574696079	88.0664838980598	39.8650200341421	119.628383037269	97.3958377279881	62.6724832843608	82.5251236109479	7.94153130798424	6.89032135779688
NR2C2	870.650743870764	2154.27621251649	408.185718686174	99.0528996009926	906.105821764656	377.300387596476	474.254660220038	62.9317056651579	1134.41992095612	3255.38859855753	549.538762965139	1592.57078313424	435.846903703048	537.953656772664	1337.46615506931	609.45522269185	301.138448007857	1894.74452947507	1941.90578913722	142.870248716983	447.672978075564	271.584789411707	435.718557167387
TWIST2	1236.46283232128	119.611132673838	311.469041496961	18.9425929389351	1142.48391514685	43.7816532579999	176.88346168133	0	383.195567957958	6.21002985319843	1100.94536079708	1178.31909579744	5.98467242483532	136.171108116031	286.382748360418	2072.46626696488	5.37999541937443	13.9530469110358	211.907351674871	40.847253611127	324.521541701816	571.326288521608	568.347132272059
TP63	53.1688742916743	1.8245517521558	0.884622767208302	148.202136663468	7.78353380331425	22.0564681841171	6.74596596966199	0	764.972129936725	20.0281262815692	100.041570524779	18.6366918368949	0	433.25403315794	159.518237704017	1.08675444221733	1.05231714506423	9.31065304762737	24.630925110341	92.7133094596829	1378.16081853311	0	1.93951894411335
MLXIPL	62.8782063172142	32.6813423206631	3.65068832977771	30.9892334009355	556.282315110778	9.64340342912083	81.0220245228637	74.4957230848948	161.526238790375	49.0264974684083	39.3983157370061	2260.43790405731	66.0658224606013	34.9920860233724	189.089437267993	25.2283499534301	62.3290460335853	28.5584789046697	196.005952670382	8.2041655125397	122.365649248241	17.739037732104	287.201081553681
IKZF4	726.665808192445	315.038819765041	24.3743378343348	33.6035339439526	281.472820132511	220.013413410837	181.058255617747	16.690195935668	571.183409522957	582.649028279494	86.1887187166694	1373.43245636367	110.461156578532	149.390969529592	279.712903705237	171.806219068608	37.6573998254448	240.934150288313	474.780744298758	58.151806350555	88.1660036535404	115.671936592228	190.116804342557
PBX1	3235.03054242866	103.595793073971	38.9629414864806	325.179565452613	1535.38758687357	1701.04851105175	524.771905159574	29.6734327163236	2434.93906162156	173.199069105884	1108.03018918072	5322.36474029309	818.45057688002	1481.75687108149	2530.32233253657	267.574632818108	92.448584749906	198.621404551308	1028.51095325482	165.364647944178	1092.7349293277	734.088572137919	1393.0095157053
TFAP2A	63.0412257101567	1.95427081356549	0	407.756746992983	2.61243665927161	14.9385823802728	102.715216984227	0	522.302654723012	11.357508186873	613.131537801761	67.7617826019246	0.902447739903737	1203.62745141067	632.55584390576	44.8987208590532	19.0952350434999	7.68249038503321	24.2023337811154	65.6245025294035	497.50385911055	3.76942888849478	32.3502304466345
ISL1	29.1755523293458	0	0	0	15.5368403976418	227.916116442355	48.6807041199842	0	17.0125781410241	0	4.19387921316453	0.958673424885804	35.0508952315776	151.499641071465	16.6391228930347	0	3.85875255342267	0	9.9844921073643	1.16005249768812	229.383734244572	6.63046118491773	1.07913200211218
CLOCK	1297.41276927265	1531.84945576907	144.70633498744	196.041554275289	1218.39182949879	900.889974326564	396.31096596556	74.3335407292531	2162.74474429603	3512.6024627388	894.584204731223	3342.99391558419	679.499046934345	867.924524167522	1727.62280714608	626.326006304537	204.094339091946	1627.42421798855	2337.17817855138	226.786059929955	710.61012077023	390.671073511807	732.812136851953
SOX5	587.224322447211	28.2441955775748	1.79572256944873	50.0242921688805	557.692868390661	106.558003596463	206.513995678991	3.64570482633667	399.858866499494	66.7665279976596	26.8258031948548	1023.69129659166	134.401233065807	104.680262994333	484.277786191545	51.0985640991227	11.9243180094818	45.1262036743355	356.785646096955	47.5951714390086	207.201440714703	220.330851927075	258.702730054067
ZBTB16	3860.70377327925	6828.49510945351	557.497414164389	135.803534772458	4614.60770026593	762.275355689203	1559.29085580256	52.2940825428209	5044.44817844338	8464.40851305012	1556.48142028268	9695.42185446812	1444.88108092559	2659.05381916576	5575.77965192151	1286.56115336254	954.489419353401	4582.9560003372	5576.80903543021	673.603528012106	315.281294591752	706.242097115263	2515.28713065904
ZNF281	1680.18143622631	9203.57354373765	1781.47018737687	197.887053564729	1521.91905479991	646.544255684641	836.78093426712	176.22492732276	2460.92095645818	4746.36421944805	1507.49734755751	2678.97846507293	675.52320352537	687.038680620341	1835.25401444434	962.383382116241	471.135107246749	5584.60274668993	2355.22175253824	279.224174419496	708.555951569139	796.793179930329	479.945224831659
TFDP2	1968.22206476456	3931.65728015182	605.988941032668	237.238917087807	1321.83062905413	876.599198927854	580.806551909116	75.7161183197643	2646.22714886394	4464.99054646209	728.609614640555	3640.62712892675	432.149173385891	1416.80514718596	2160.08758124482	298.167792611006	260.010305822945	3024.14422143291	2718.74370041466	236.725544983287	995.679114574097	350.746490685662	1184.06317580077
NFE2L1	1639.32825032327	1744.87684960226	314.605887435373	373.099644934118	2482.21545493614	1665.03534365949	1136.54920968189	100.556375064784	2243.86822743739	3078.05816425283	1137.83834551503	4902.24499739355	938.342740772117	1184.79808603335	2497.75621395627	724.550881124891	446.003583653912	1728.29081856366	2638.94747447827	350.731374394541	866.948405341655	767.415011049435	1570.11208502768
POU5F1	61.7716810460539	47.568013395267	8.82448858576689	3.2953015722221	15.4457306367413	12.6582381255389	36.4159324313246	1.77163844917555	59.3135807001734	55.0380337612897	12.8472501168694	54.358555324774	37.176877751527	80.2516786893846	21.9815756470922	5.11236458243088	39.8898834581865	38.2450817550092	46.7670197732805	4.98800628806615	19.2792006702523	12.4078539106824	4.85746034725622
ZFP91	2327.98107043812	3672.90405721075	577.138227087236	254.371293645044	1347.12528583137	660.848057282345	870.914090651755	159.897841638096	2088.32328051047	4986.05327092121	798.390358200812	3061.06396387021	837.299453477135	1068.88462030944	2327.33083723934	1127.07088657276	593.828879625976	2671.91355982664	2885.90037984098	308.037402041742	814.957068049069	527.300349506603	918.98326205361
POU2F2	2006.3292915339	9455.67375075399	324.593100263731	78.4063751781423	652.149332411869	8.20884139290131	931.582486428991	243.251538481303	3294.02025686094	18068.4827844374	237.189101585919	564.883663764133	857.712094945924	204.662176299823	6034.64594451845	418.655677020042	433.926276630194	6572.75306235247	6162.85886089504	231.893702396979	598.320224604699	173.499068520049	494.13158997725
SMYD3	1018.57558828811	1185.59205873667	108.254766582803	60.2570665498571	401.105797896416	444.943526957946	332.570563817533	31.3929082737979	1359.42835456248	2912.20367439617	380.460712826106	503.017664175843	210.322609569216	408.152559956182	864.698146428436	411.922578508267	283.16820389338	1193.85778623895	1092.1514071635	96.067319076863	365.176383243366	238.950074758358	244.426689671304
IKZF5	796.599372180978	2268.11642197663	295.060802142485	88.2375414555364	672.272090352242	223.418222225323	613.92031480699	48.9265451222734	931.972410931555	3744.39163263489	592.539300805469	1496.07619121745	302.809082379186	553.833566363805	1150.94098766782	533.268947144137	475.423713639726	1640.97127958542	2317.01521303241	144.830566352911	235.329151271136	212.236496679269	381.855186168933
MLXIP	2725.85490921211	7070.58598626219	389.259083973704	242.486384569254	2184.43453554521	445.337436673113	1029.42804823369	186.06693699777	3280.10791348601	6669.9418622644	1355.30936665622	5663.33630917259	1114.53457415388	853.538456444743	3846.09894558395	1281.22158261701	705.333807128465	4360.41630094871	3741.36885362577	308.414355267498	699.314832439989	902.253302805112	1083.80855936318
SIM2	8.15293754960362	5.79863729694008	1.92112380261437	6.52911898752647	13.3683779568993	1.01152137300276	0	0	26.6441878746558	7.95666209874977	6.18706511037771	30.8673842736123	0	21.3166111777563	9.99109118752419	18.0911020690818	1.06138077407076	7.63910436541204	19.0982653049933	40.8321561824729	13.0502455694288	1.5439992213778	2.77581719692434
SIM1	0.699711203118335	3.29906000539821	0	0	39.8793316332028	0	0	0	0	2.22163593683788	22.2969857459278	81.3487174723482	38.7361693877875	352.165964521628	3.95268759628249	6.07662864685091	0	0	0	0	0	0	0.750386322442686
THAP7	1422.62745070106	1362.26439697279	106.343940680223	108.563425989385	746.943832480355	727.678134739179	917.785959753631	33.8834075251821	1739.55511322514	5041.05630746143	1024.20523788991	902.714031746083	616.62479023984	1665.71561078553	1807.72635160965	516.796342887295	398.978600945492	1872.53593297078	2255.91959735598	180.326606765145	431.108225118587	302.792379436934	620.544970176607
PLSCR1	4715.23968950483	8279.2027196797	2272.32305671525	396.019887961021	2692.31418200551	1923.76933656124	965.671149626351	687.624309798935	5489.66236002531	2791.31718225255	1796.85702239478	6814.9072435475	2680.80314283181	1591.10285995546	2066.58741725373	1377.61961338954	310.875450802273	4239.63357521902	2495.4117173984	299.706690523898	1438.92032593523	908.119356111508	1456.41383389208
MAZ	2618.29778389479	5444.36434105807	471.945873371718	212.026131639774	2103.45830093157	2117.44677722399	1480.10635472574	151.188325150407	3400.88696747317	7560.75696470896	1210.28656154137	2860.47087143021	1249.53434360811	1711.91029313655	2760.98452405188	2353.61428953566	923.996888483426	4542.02015815345	4307.05347230012	441.464143486305	1017.4072284628	738.742696878628	1308.82669268812
NFYC	1210.35439893559	3442.54714763647	541.769317980872	111.671454584852	899.169057817784	981.950895033739	471.121473999233	107.575368696831	2242.97760713912	3873.70573697231	534.940525646441	1342.20102719447	623.937425367909	944.893316820482	1639.70373924136	487.746488677433	302.404125218786	2537.08103567968	1912.75178109343	177.858677021926	556.719921780367	276.819203178936	660.66599177402
TBP	370.705770768668	1237.79477314044	133.98218270149	42.3741431006555	411.924971595932	268.607759609667	236.557001502223	43.9466760787999	883.522142369266	2019.38740755313	272.270154186834	635.980916426002	273.174050357102	287.940903090581	697.375095780217	189.043282950388	135.828928542629	976.603199919038	1209.32274467291	73.0952957868536	219.443122021311	90.2140771253722	268.955996918006
MNT	970.645351446527	3121.65592584063	653.564460032122	259.813475596912	634.722789508142	201.145558897689	350.956546852641	96.1986288764741	1185.43590276662	1884.15588453846	352.33576998165	1204.64804339027	341.391846883959	442.147519164893	1085.13903031077	384.277961607113	211.514608601106	1599.33220288947	1324.41071125079	180.59966939534	636.131353348144	457.867882917809	356.731771359591
MXD4	2909.20031836289	5078.61806882474	236.887301352318	171.863553396525	3482.37725017985	2101.91655172157	1714.70440210016	145.24102760876	5709.82907215992	7414.22286851076	735.222712996823	3942.77243403986	1729.67681405175	4006.85832928785	4184.34921721195	1214.73334805946	818.558312670138	5264.82872823531	5065.55082917552	663.703855241252	926.597530938901	851.57706660339	2088.47705650707
MYCN	6.94673587746914	0.928306999357571	0	4.12714044893353	0	183.96624784236	5.51943221796654	0	12.8597180453331	7.21986462504159	19.3503274023773	26.1314418787295	55.7324795098124	6.79742093449547	29.9586604877481	7.36938052824943	1.8362415968899	1.68910709137828	7.20832659155917	8.30508288474053	4.99611362554021	12.7369414317063	21.3178617853637
MAF	8183.47764195859	2483.4428012418	172.007868999229	281.865472060299	4162.36194587	877.977648397645	2090.94276445388	467.558271494967	4399.39197324908	7859.06684936443	1157.20071211368	3676.10925237428	877.676427170323	1396.23162102496	3196.79899823933	2661.08893945238	795.341482795238	5835.85382899706	4921.481882909	1029.89483247604	598.652453250616	783.460090659952	2885.07222710436
MTERF4	1610.11509401337	3687.15352399955	276.728336486682	104.319767728795	1017.8881449125	676.947120064541	798.288076224312	70.5648663987009	2195.69560140032	10773.6109261663	1159.84107503306	1204.66067911291	792.768152903551	1539.56134267674	2899.4668667004	1068.95096282245	539.939667681863	3771.05547520612	5669.27738934051	329.558782331877	713.919515087648	316.850959853133	616.290003293414
NR3C1	6914.71378166165	11374.0890736073	2060.49619034827	277.424967703616	4748.67238795519	1457.19304904791	6445.66551475108	349.394841432583	5619.29940154839	18906.5050759674	3707.26950022249	8108.74927934544	1858.03218189777	3636.76611106393	6450.53118731192	4564.73171340514	3262.34545617278	10280.4743116362	9267.95581046207	1349.76592226836	1849.76046299845	1198.92864352571	2103.32826196686
NR1I3	23.911294716951	60.950674625757	6.95167997291658	4.32899196560141	31.0533097066564	4.95482769748108	16.0199620895903	15.0138056826716	14.0331051107431	49.1261850037944	5.36567990930014	35.6329183764056	10.7867984801122	8.14467789996972	23.315810686401	20.2704538581578	8.7088199330974	69.0082660145384	44.64776952346	0	15.5391939494492	5.19968145728586	4.76529157847646
THRB	546.281687390597	223.67308079388	34.082412545361	25.9276103341998	401.237233264238	36.4560724916371	94.4864378098582	8.4248770240534	497.691201089051	738.27726151732	465.617330515484	1706.9889671169	120.082828155843	450.64292977342	615.471403743422	166.759808485227	21.3390084208927	276.289380859943	526.125591718401	36.9655337571556	171.066630029118	81.8253162827929	435.138956958026
ZNF133	156.472707483325	235.306643519213	30.6526643322367	16.8527254934443	204.618333962899	127.222777600606	42.2071308647025	6.46944006480519	304.45366896454	529.072697226978	177.696219500032	191.496268408465	120.272021602405	160.995596162751	322.92927250753	33.1354588432047	22.6541205861721	188.422494698191	367.52124587325	36.8842524251508	93.234747872881	90.4883184605117	126.714501453881
PCGF2	670.862264463206	27.3509999136513	2.55279659149009	90.7654525779461	799.230628543985	1317.48071568734	117.997413420477	34.0740007232577	1375.33465931784	27.7994078469964	633.037617568059	1602.49760022822	710.182459125684	675.548214501047	443.23866682739	414.899139966715	22.6193713119615	87.3065059750002	568.902038657585	102.490000884312	236.33392776164	443.00776154002	637.958471812169
MBD3	1111.69818704365	1920.87732370448	151.14973772226	110.613692121495	941.594494930617	772.703481864046	389.005526611292	104.740836138678	1729.8886858456	2553.38508064894	521.630487323078	1708.84949882198	619.757413728631	676.153681185127	1383.52959870179	532.405609344324	248.406497068576	1417.51310191514	1279.75049042505	179.302441731009	559.665113755568	357.934376565368	695.424852735679
